"Status","Start Time","Stop Time","Duration in ms","Parent Suite","Suite","Sub Suite","Test Class","Test Method","Name","Description"
"passed","Sun Apr 18 19:20:11 CST 2021","Sun Apr 18 19:20:11 CST 2021","1","","test_setup_teardown","","","","test_one",""
"passed","Sun Apr 18 19:20:11 CST 2021","Sun Apr 18 19:20:11 CST 2021","0","","test_parametrize","","","","test_foo[0.4-1]",""
"passed","Sun Apr 18 19:20:10 CST 2021","Sun Apr 18 19:20:10 CST 2021","1","","test_mark-study","Test_Demo2","","","test_two",""
"passed","Sun Apr 18 19:20:11 CST 2021","Sun Apr 18 19:20:11 CST 2021","1","","test_parametrize","","","","test_foo[0.4-0]",""
"passed","Sun Apr 18 19:20:10 CST 2021","Sun Apr 18 19:20:10 CST 2021","1","","test_parametrize","","","","test_add[minus]",""
"passed","Sun Apr 18 19:20:11 CST 2021","Sun Apr 18 19:20:11 CST 2021","1","","test_parametrize","","","","test_foo[-2-20000]",""
"passed","Sun Apr 18 19:20:11 CST 2021","Sun Apr 18 19:20:11 CST 2021","1","","test_parametrize","","","","test_foo[1000-1]",""
"failed","Sun Apr 18 19:20:10 CST 2021","Sun Apr 18 19:20:10 CST 2021","1","","test_mark-study","Test_Demo2","","","test_three",""
"passed","Sun Apr 18 19:20:10 CST 2021","Sun Apr 18 19:20:10 CST 2021","1","","test_parametrize","","","","test_add[int]",""
"passed","Sun Apr 18 19:20:11 CST 2021","Sun Apr 18 19:20:11 CST 2021","1","","test_parametrize","","","","test_foo[0.4-20000]",""
"passed","Sun Apr 18 19:20:10 CST 2021","Sun Apr 18 19:20:10 CST 2021","1","","test_param_in_file","","","","test_add[int]",""
"passed","Sun Apr 18 19:20:10 CST 2021","Sun Apr 18 19:20:10 CST 2021","1","","test_fixture","Test_fixtureFile","","","test_two[参数1]",""
"passed","Sun Apr 18 19:20:11 CST 2021","Sun Apr 18 19:20:11 CST 2021","0","","test_setup_teardown","TestCase","","","test_three",""
"passed","Sun Apr 18 19:20:10 CST 2021","Sun Apr 18 19:20:10 CST 2021","0","","test_parametrize","","","","test_foo[-2-0]",""
"passed","Sun Apr 18 19:20:11 CST 2021","Sun Apr 18 19:20:11 CST 2021","1","","test_parametrize","","","","test_foo[1000-0]",""
"passed","Sun Apr 18 19:20:10 CST 2021","Sun Apr 18 19:20:10 CST 2021","0","","test_parametrize","","","","test_add[bigint]",""
"passed","Sun Apr 18 19:20:10 CST 2021","Sun Apr 18 19:20:10 CST 2021","0","","test_param_in_file","","","","test_add[bigint]",""
"passed","Sun Apr 18 19:20:11 CST 2021","Sun Apr 18 19:20:11 CST 2021","0","","test_parametrize","","","","test_foo[1000-20000]",""
"passed","Sun Apr 18 19:20:10 CST 2021","Sun Apr 18 19:20:10 CST 2021","0","","test_fixture","Test_fixtureFile","","","test_three",""
"passed","Sun Apr 18 19:20:10 CST 2021","Sun Apr 18 19:20:10 CST 2021","1","","test_fixture","Test_fixtureFile","","","test_two[参数2]",""
"passed","Sun Apr 18 19:20:10 CST 2021","Sun Apr 18 19:20:10 CST 2021","0","","test_mark-study","Test_Demo2","","","test_demo",""
"passed","Sun Apr 18 19:20:11 CST 2021","Sun Apr 18 19:20:11 CST 2021","1","","test_parametrize","","","","test_foo[-2-1]",""
"passed","Sun Apr 18 19:20:10 CST 2021","Sun Apr 18 19:20:10 CST 2021","1","","test_demo1","Test_Demo","","","test_demo",""
"passed","Sun Apr 18 19:20:10 CST 2021","Sun Apr 18 19:20:10 CST 2021","0","","test_param_in_file","","","","test_add[minus]",""
"passed","Sun Apr 18 19:20:11 CST 2021","Sun Apr 18 19:20:11 CST 2021","1","","test_setup_teardown","","","","test_two",""
"passed","Sun Apr 18 19:20:11 CST 2021","Sun Apr 18 19:20:11 CST 2021","1","","test_setup_teardown","TestCase","","","test_four",""
"passed","Sun Apr 18 19:20:10 CST 2021","Sun Apr 18 19:20:10 CST 2021","1","","test_fixture","Test_fixtureFile","","","test_one",""
